<?xml version="1.0" encoding="UTF-8"?>
<!DOCTYPE hibernate-mapping PUBLIC "-//Hibernate/Hibernate Mapping DTD 3.0//EN" 
    "http://hibernate.sourceforge.net/hibernate-mapping-3.0.dtd">

<hibernate-mapping>
	
	<class name="com.useeasy.auction.canvass_business_orders.bean.BusinessBean" table="BusinessBean" catalog="pmh" schema="dbo">
		<id name="id" type="java.lang.Integer" unsaved-value="0" >
			<column name="id_num" precision="22" scale="0" />
			<generator class="identity">
            </generator>
        </id>
      
         <property name="title" type="java.lang.String" update="true" insert="true" not-null="false">
            <column name="title" length="100" />
        </property>
         <property name="imgPath" type="java.lang.String" update="true" insert="true" not-null="false">
            <column name="imgPath" length="200" />
        </property>
        
          <property name="cid" type="java.lang.Long" update="true" insert="true" not-null="false">
            <column name="cid"  />
        </property>
         <property name="companyName" type="java.lang.String" update="true" insert="true" not-null="false">
            <column name="companyName" length="100" />
        </property>
        <property name="createTime" type="java.util.Date" update="true" insert="true" not-null="false">
            <column name="create_time"  />
        </property>
        <property name="content" type="text" update="true" insert="true" not-null="false">
            <column name="content"   />
        </property>
        
          <property name="hitcount" type="text" update="true" insert="true" not-null="false">
            <column name="hitcount"   />
        </property>
          <property name="zstype" type="text" update="true" insert="true" not-null="false">
            <column name="zstype"   />
        </property>
     </class>
     
</hibernate-mapping>
